675	printer_technology	coEnum
683	printable_area	coPoints
689	extruder_printable_area	coPointsGroups
695	support_parallel_printheads	coBool
701	parallel_printheads_count	coInt
709	parallel_printheads_bed_exclude_areas	coStrings
716	bed_exclude_area	coPoints
724	bed_custom_texture	coString
730	bed_custom_model	coString
736	elefant_foot_compensation	coFloat
745	elefant_foot_compensation_layers	coInt
756	elefant_foot_layers_density	coPercent
768	layer_height	coFloat
776	printable_height	coFloat
785	extruder_printable_height	coFloats
794	preferred_orientation	coFloat
805	preset_names	coStrings
811	bbl_use_printhost	coBool
818	use_3mf	coBool
826	printer_agent	coString
833	print_host	coString
843	print_host_webui	coString
850	printhost_apikey	coString
858	flashforge_serial_number	coString
865	printhost_port	coString
873	printhost_cafile	coString
883	printhost_user	coString
890	printhost_password	coString
898	printhost_ssl_ignore_revoke	coBool
905	preset_names	coStrings
911	printhost_authorization_type	coEnum
925	preset_name	coString
937	reduce_crossing_wall	coBool
944	max_travel_detour_distance	coFloatOrPercent
955	supertack_plate_temp	coInts
965	cool_plate_temp	coInts
974	textured_cool_plate_temp	coInts
983	eng_plate_temp	coInts
992	hot_plate_temp	coInts
1001	textured_plate_temp	coInts
1010	supertack_plate_temp_initial_layer	coInts
1019	cool_plate_temp_initial_layer	coInts
1028	textured_cool_plate_temp_initial_layer	coInts
1037	eng_plate_temp_initial_layer	coInts
1046	hot_plate_temp_initial_layer	coInts
1054	textured_plate_temp_initial_layer	coInts
1063	curr_bed_type	coEnum
1085	default_bed_type	coString
1092	first_layer_print_sequence	coInts
1098	other_layers_print_sequence	coInts
1104	other_layers_print_sequence_nums	coInt
1108	first_layer_sequence_choice	coEnum
1119	other_layers_sequence_choice	coEnum
1130	before_layer_change_gcode	coString
1139	bottom_shell_layers	coInt
1150	bottom_shell_thickness	coFloat
1159	gap_fill_target	coEnum
1188	enable_overhang_bridge_fan	coBools
1195	overhang_fan_speed	coInts
1208	overhang_fan_threshold	coEnums
1231	bridge_angle	coFloat
1249	internal_bridge_angle	coFloat
1266	relative_bridge_angle	coBool
1273	bridge_density	coPercent
1290	internal_bridge_density	coPercent
1308	bridge_flow	coFloat
1320	bridge_line_width	coFloatOrPercent
1335	internal_bridge_flow	coFloat
1347	top_solid_infill_flow_ratio	coFloat
1358	bottom_solid_infill_flow_ratio	coFloat
1368	set_other_flow_ratios	coBool
1375	first_layer_flow_ratio	coFloat
1385	outer_wall_flow_ratio	coFloat
1395	inner_wall_flow_ratio	coFloat
1405	overhang_flow_ratio	coFloat
1415	sparse_infill_flow_ratio	coFloat
1425	internal_solid_infill_flow_ratio	coFloat
1435	gap_fill_flow_ratio	coFloat
1445	support_flow_ratio	coFloat
1455	support_interface_flow_ratio	coFloat
1465	precise_outer_wall	coBool
1472	only_one_wall_top	coBool
1479	min_width_top_surface	coFloatOrPercent
1494	only_one_wall_first_layer	coBool
1500	extra_perimeters_on_overhangs	coBool
1507	overhang_reverse	coBool
1515	overhang_reverse_internal_only	coBool
1528	counterbore_hole_bridging	coEnum
1546	overhang_reverse_threshold	coFloatOrPercent
1561	enable_overhang_speed	coBool
1568	slowdown_for_curled_perimeters	coBool
1591	overhang_1_4_speed	coFloatOrPercent
1603	overhang_2_4_speed	coFloatOrPercent
1615	overhang_3_4_speed	coFloatOrPercent
1627	overhang_4_4_speed	coFloatOrPercent
1639	bridge_speed	coFloat
1651	internal_bridge_speed	coFloatOrPercent
1661	brim_width	coFloat
1671	brim_type	coEnum
1694	brim_object_gap	coFloat
1704	brim_flow_ratio	coFloat
1715	brim_use_efc_outline	coBool
1722	combine_brims	coBool
1729	brim_ears	coBool
1736	brim_ears_max_angle	coFloat
1748	brim_ears_detection_length	coFloat
1759	compatible_printers	coStrings
1766	upward_compatible_machine	coStrings
1772	compatible_printers_condition	coString
1779	compatible_prints	coStrings
1785	compatible_prints_condition	coString
1794	compatible_machine_expression_group	coStrings
1797	compatible_process_expression_group	coStrings
1802	different_settings_to_system	coStrings
1806	print_compatible_printers	coStrings
1810	print_sequence	coEnum
1821	print_order	coEnum
1832	slow_down_for_layer_cooling	coBools
1837	default_acceleration	coFloat
1846	default_filament_profile	coStrings
1852	default_print_profile	coString
1858	activate_air_filtration	coBools
1865	activate_air_filtration_during_print	coBools
1871	activate_air_filtration_on_completion	coBools
1877	during_print_exhaust_fan_speed	coInts
1886	complete_print_exhaust_fan_speed	coInts
1895	close_fan_the_first_x_layers	coInts
1905	bridge_no_support	coBool
1912	thick_bridges	coBool
1921	thick_internal_bridges	coBool
1930	enable_extra_bridge_layer	coEnum
1961	dont_filter_internal_bridges	coEnum
1990	max_bridge_length	coFloat
1999	machine_end_gcode	coString
2008	printing_by_object_gcode	coString
2017	filament_end_gcode	coStrings
2026	ensure_vertical_shell_thickness	coEnum
2045	top_surface_pattern	coEnum
2068	bottom_surface_pattern	coEnum
2077	internal_solid_infill_pattern	coEnum
2086	outer_wall_line_width	coFloatOrPercent
2098	outer_wall_speed	coFloat
2107	small_perimeter_speed	coFloatOrPercent
2119	small_perimeter_threshold	coFloat
2128	wall_sequence	coEnum
2151	is_infill_first	coBool
2158	wall_direction	coEnum
2170	extruder	coInt
2185	extruder_clearance_height_to_rod	coFloat
2194	extruder_clearance_height_to_lid	coFloat
2202	extruder_clearance_radius	coFloat
2210	nozzle_height	coFloat
2218	bed_mesh_min	coPoint
2230	bed_mesh_max	coPoint
2242	bed_mesh_probe_distance	coPoint
2251	adaptive_bed_mesh_margin	coFloat
2258	grab_length	coFloats
2265	extruder_colour	coStrings
2273	extruder_offset	coPoints
2283	filament_flow_ratio	coFloats
2295	print_flow_ratio	coFloat
2308	enable_pressure_advance	coBools
2313	pressure_advance	coFloats
2321	adaptive_pressure_advance	coBools
2337	adaptive_pressure_advance_model	coStrings
2362	adaptive_pressure_advance_overhangs	coBools
2370	adaptive_pressure_advance_bridges	coFloats
2379	line_width	coFloatOrPercent
2391	reduce_fan_stop_start_freq	coBools
2396	dont_slow_down_outer_wall	coBools
2405	fan_cooling_layer_time	coFloats
2414	default_filament_colour	coStrings
2422	filament_colour	coStrings
2430	filament_notes	coStrings
2440	filament_multi_colour	coStrings
2444	filament_colour_type	coStrings
2456	filament_map	coInts
2462	physical_extruder_map	coInts
2469	filament_map_mode	coEnum
2485	enable_filament_dynamic_map	coBool
2491	has_filament_switcher	coBool
2497	filament_flush_temp	coInts
2507	filament_flush_volumetric_speed	coFloats
2517	filament_max_volumetric_speed	coFloats
2525	machine_load_filament_time	coFloat
2534	machine_unload_filament_time	coFloat
2543	machine_tool_change_time	coFloat
2553	support_object_skip_flush	coBool
2556	bed_temperature_formula	coEnum
2567	nozzle_flush_dataset	coInts
2571	filament_diameter	coFloats
2604	pellet_flow_coefficient	coFloats
2610	filament_adaptive_volumetric_speed	coBools
2620	volumetric_speed_coefficients	coStrings
2624	filament_shrink	coPercents
2637	filament_shrinkage_compensation_z	coPercents
2649	filament_adhesiveness_category	coInts
2656	filament_loading_speed	coFloats
2664	filament_loading_speed_start	coFloats
2672	filament_unloading_speed	coFloats
2680	filament_unloading_speed_start	coFloats
2688	filament_toolchange_delay	coFloats
2698	filament_cooling_moves	coInts
2707	filament_stamping_loading_speed	coFloats
2714	filament_stamping_distance	coFloats
2722	filament_cooling_initial_speed	coFloats
2730	filament_minimal_purge_on_wipe_tower	coFloats
2741	filament_cooling_before_tower	coFloats
2749	filament_tower_interface_pre_extrusion_dist	coFloats
2757	filament_tower_interface_pre_extrusion_length	coFloats
2765	filament_tower_ironing_area	coFloats
2773	filament_tower_interface_purge_volume	coFloats
2781	filament_tower_interface_print_temp	coInts
2789	filament_cooling_final_speed	coFloats
2797	filament_ramming_parameters	coStrings
2804	filament_multitool_ramming	coBools
2812	filament_multitool_ramming_volume	coFloats
2820	filament_multitool_ramming_flow	coFloats
2828	filament_density	coFloats
2836	filament_type	coStrings
2850	filament_soluble	coBools
2856	filament_change_length	coFloats
2864	filament_is_support	coBools
2874	filament_printable	coInts
2881	temperature_vitrification	coInts
2888	filament_cost	coFloats
2896	filament_settings_id	coStrings
2901	filament_ids	coStrings
2905	filament_vendor	coStrings
2912	infill_direction	coFloat
2922	solid_infill_direction	coFloat
2932	sparse_infill_density	coPercent
2942	align_infill_direction_to_model	coBool
2950	extra_solid_infills	coString
2959	fill_multiline	coInt
2971	gyroid_optimized	coBool
2980	sparse_infill_pattern	coEnum
3039	lateral_lattice_angle_1	coFloat
3049	lateral_lattice_angle_2	coFloat
3059	infill_overhang_angle	coFloat
3069	lightning_overhang_angle	coFloat
3079	lightning_prune_angle	coFloat
3090	lightning_straightening_angle	coFloat
3100	infill_anchor	coFloatOrPercent
3128	infill_anchor_max	coFloatOrPercent
3151	inner_wall_acceleration	coFloat
3160	travel_acceleration	coFloat
3169	top_surface_acceleration	coFloat
3178	outer_wall_acceleration	coFloat
3187	bridge_acceleration	coFloatOrPercent
3197	sparse_infill_acceleration	coFloatOrPercent
3207	internal_solid_infill_acceleration	coFloatOrPercent
3217	initial_layer_acceleration	coFloat
3226	initial_layer_travel_acceleration	coFloatOrPercent
3235	accel_to_decel_enable	coBool
3242	accel_to_decel_factor	coPercent
3252	default_jerk	coFloat
3261	default_junction_deviation	coFloat
3271	outer_wall_jerk	coFloat
3280	inner_wall_jerk	coFloat
3289	top_surface_jerk	coFloat
3298	infill_jerk	coFloat
3307	initial_layer_jerk	coFloat
3316	travel_jerk	coFloat
3325	initial_layer_travel_jerk	coFloatOrPercent
3334	initial_layer_line_width	coFloatOrPercent
3347	initial_layer_print_height	coFloat
3355	adaptive_layer_height	coBool
3363	initial_layer_speed	coFloat
3371	initial_layer_infill_speed	coFloat
3379	initial_layer_travel_speed	coFloatOrPercent
3389	slow_down_layers	coInt
3399	nozzle_temperature_initial_layer	coInts
3408	full_fan_speed_layer	coInts
3420	support_material_interface_fan_speed	coInts
3433	internal_bridge_fan_speed	coInts
3444	ironing_fan_speed	coInts
3456	filament_ironing_flow	coPercents
3468	filament_ironing_spacing	coFloats
3480	filament_ironing_inset	coFloats
3492	filament_ironing_speed	coFloats
3503	fuzzy_skin	coEnum
3523	fuzzy_skin_thickness	coFloat
3533	fuzzy_skin_point_distance	coFloat
3543	fuzzy_skin_first_layer	coBool
3550	fuzzy_skin_mode	coEnum
3573	fuzzy_skin_noise_type	coEnum
3599	fuzzy_skin_scale	coFloat
3609	fuzzy_skin_octaves	coInt
3618	fuzzy_skin_persistence	coFloat
3627	fuzzy_skin_ripples_per_layer	coInt
3635	fuzzy_skin_ripple_offset	coPercent
3649	fuzzy_skin_layers_between_ripple_offset	coInt
3660	filter_out_gap_fill	coFloat
3669	gap_infill_speed	coFloat
3679	precise_z_height	coBool
3689	enable_arc_fitting	coBool
3700	gcode_add_line_number	coBool
3707	scan_first_layer	coBool
3714	enable_power_loss_recovery	coEnum
3728	spaghetti_detector	coBool
3734	nozzle_type	coEnums
3753	nozzle_hrc	coInt
3762	printer_structure	coEnum
3779	best_object_pos	coPoint
3785	auxiliary_fan	coBool
3791	fan_speedup_time	coFloat
3804	fan_speedup_overhangs	coBool
3810	fan_kickstart	coFloat
3822	part_cooling_fan_min_pwm	coInt
3844	time_cost	coFloat
3853	support_chamber_temp_control	coBool
3860	support_air_filtration	coBool
3866	gcode_flavor	coEnum
3900	pellet_modded_printer	coBool
3906	support_multi_bed_types	coBool
3912	gcode_label_objects	coBool
3920	exclude_object	coBool
3926	gcode_comments	coBool
3935	infill_combination	coBool
3942	infill_shift_step	coFloat
3953	sparse_infill_rotate_template	coString
3967	solid_infill_rotate_template	coString
3978	skeleton_infill_density	coPercent
3991	skin_infill_density	coPercent
4004	skin_infill_depth	coFloat
4014	infill_lock_depth	coFloat
4024	skin_infill_line_width	coFloatOrPercent
4034	skeleton_infill_line_width	coFloatOrPercent
4044	symmetric_infill_y_axis	coBool
4053	infill_combination_max_layer_height	coFloatOrPercent
4067	enable_wrapping_detection	coBool
4073	wrapping_detection_layers	coInt
4080	wrapping_exclude_area	coPoints
4087	sparse_infill_filament_id	coInt
4096	sparse_infill_line_width	coFloatOrPercent
4108	infill_wall_overlap	coPercent
4118	top_bottom_infill_wall_overlap	coPercent
4131	sparse_infill_speed	coFloat
4140	inherits	coString
4150	inherits_group	coStrings
4154	interface_shells	coBool
4163	mmu_segmented_region_max_width	coFloat
4172	mmu_segmented_region_interlocking_depth	coFloat
4183	interlocking_beam	coBool
4190	interlocking_beam_width	coFloat
4199	interlocking_orientation	coFloat
4209	interlocking_beam_layer_count	coInt
4217	interlocking_depth	coInt
4225	interlocking_boundary_avoidance	coInt
4234	calib_flowrate_topinfill_special_order	coBool
4238	ironing_type	coEnum
4254	ironing_pattern	coEnum
4266	ironing_flow	coPercent
4277	ironing_spacing	coFloat
4287	ironing_inset	coFloat
4297	ironing_speed	coFloat
4306	ironing_angle	coFloat
4316	ironing_angle_fixed	coBool
4323	ironing_expansion	coFloat
4333	zaa_enabled	coBool
4340	zaa_minimize_perimeter_height	coFloat
4352	zaa_dont_alternate_fill_direction	coBool
4359	zaa_min_z	coFloat
4370	layer_change_gcode	coString
4379	time_lapse_gcode	coString
4387	wrapping_detection_gcode	coString
4395	silent_mode	coBool
4401	emit_machine_limits_to_gcode	coBool
4409	machine_pause_gcode	coString
4418	template_custom_gcode	coString
4427	small_area_infill_flow_compensation	coBool
4434	small_area_infill_flow_compensation_model	coStrings
4448	has_scarf_joint_seam	coBool
4525	machine_max_junction_deviation	coFloats
4536	machine_min_extruding_rate	coFloats
4546	machine_min_travel_rate	coFloats
4556	machine_max_acceleration_extruding	coFloats
4570	machine_max_acceleration_retracting	coFloats
4581	machine_max_acceleration_travel	coFloats
4592	resonance_avoidance	coBool
4600	min_resonance_avoidance_speed	coFloat
4608	max_resonance_avoidance_speed	coFloat
4617	input_shaping_emit	coBool
4623	input_shaping_type	coEnum
4632	input_shaping_freq_x	coFloat
4641	input_shaping_freq_y	coFloat
4650	input_shaping_damp_x	coFloat
4658	input_shaping_damp_y	coFloat
4666	fan_max_speed	coFloats
4675	max_layer_height	coFloats
4684	max_volumetric_extrusion_rate_slope	coFloat
4705	max_volumetric_extrusion_rate_slope_segment_length	coFloat
4717	extrusion_rate_smoothing_external_perimeter_only	coBool
4725	fan_min_speed	coFloats
4734	additional_cooling_fan_speed	coInts
4744	close_additional_fan_first_x_layers	coInts
4753	additional_fan_full_speed_layer	coInts
4762	first_x_layer_fan_speed	coFloats
4771	min_layer_height	coFloats
4780	slow_down_min_speed	coFloats
4789	nozzle_diameter	coFloats
4797	notes	coString
4807	host_type	coEnum
4848	nozzle_volume	coFloats
4857	cooling_tube_retraction	coFloat
4865	cooling_tube_length	coFloat
4873	high_current_on_filament_swap	coBool
4881	parking_pos_retraction	coFloat
4890	extra_loading_move	coFloat
4899	start_end_points	coPoints
4907	reduce_infill_retraction	coBool
4913	ooze_prevention	coBool
4919	filename_format	coString
4926	make_overhang_printable	coBool
4933	make_overhang_printable_angle	coFloat
4945	make_overhang_printable_hole_size	coFloat
4955	detect_overhang_wall	coBool
4962	outer_wall_filament_id	coInt
4971	inner_wall_filament_id	coInt
4980	inner_wall_line_width	coFloatOrPercent
4992	inner_wall_speed	coFloat
5002	wall_loops	coInt
5010	alternate_extra_wall	coBool
5019	post_process	coStrings
5032	process_change_extrusion_role_gcode	coString
5041	printer_model	coString
5047	printer_notes	coString
5056	printer_variant	coString
5062	print_settings_id	coString
5067	printer_settings_id	coString
5072	raft_contact_distance	coFloat
5081	raft_expansion	coFloat
5090	raft_first_layer_density	coPercent
5100	raft_first_layer_expansion	coFloat
5110	raft_layers	coInt
5121	resolution	coFloat
5129	retraction_minimum_travel	coFloats
5136	retract_before_wipe	coPercents
5143	retract_when_changing_layer	coBools
5149	retraction_length	coFloats
5158	enable_long_retraction_when_cut	coInt
5162	long_retractions_when_cut	coBools
5169	retraction_distances_when_cut	coFloats
5177	long_retractions_when_ec	coBools
5183	retraction_distances_when_ec	coFloats
5192	retract_length_toolchange	coFloats
5203	z_hop	coFloats
5212	retract_lift_above	coFloats
5220	retract_lift_below	coFloats
5228	z_hop_types	coEnums
5243	travel_slope	coFloats
5252	retract_lift_above	coFloats
5259	retract_lift_below	coFloats
5266	retract_lift_enforce	coEnums
5281	extruder_type	coEnums
5294	nozzle_volume_type	coEnums
5306	default_nozzle_volume_type	coEnums
5318	extruder_variant_list	coStrings
5325	extruder_ams_count	coStrings
5331	printer_extruder_id	coInts
5338	printer_extruder_variant	coStrings
5345	master_extruder_id	coInt
5351	print_extruder_id	coInts
5358	print_extruder_variant	coStrings
5365	filament_extruder_id	coInts
5371	filament_extruder_variant	coStrings
5378	filament_self_index	coInts
5385	retract_restart_extra	coFloats
5393	retract_restart_extra_toolchange	coFloats
5401	retraction_speed	coFloats
5409	deretraction_speed	coFloats
5417	use_firmware_retraction	coBool
5424	bbl_calib_mark_logo	coBool
5430	disable_m73	coBool
5436	seam_position	coEnum
5454	staggered_inner_seams	coBool
5461	seam_gap	coFloatOrPercent
5471	seam_slope_type	coEnum
5485	seam_slope_conditional	coBool
5492	scarf_angle_threshold	coInt
5504	scarf_overhang_threshold	coPercent
5516	scarf_joint_speed	coFloatOrPercent
5530	scarf_joint_flow_ratio	coFloat
5539	seam_slope_start_height	coFloatOrPercent
5550	seam_slope_entire_loop	coBool
5557	seam_slope_min_length	coFloat
5566	seam_slope_steps	coInt
5574	seam_slope_inner_walls	coBool
5581	role_based_wipe_speed	coBool
5589	wipe_on_loops	coBool
5596	wipe_before_external_loop	coBool
5607	wipe_speed	coFloatOrPercent
5619	skirt_distance	coFloat
5628	skirt_start_angle	coFloat
5638	skirt_height	coInt
5646	single_loop_draft_shield	coBool
5652	draft_shield	coEnum
5667	skirt_type	coEnum
5679	skirt_loops	coInt
5688	skirt_speed	coFloat
5697	min_skirt_length	coFloat
5708	slow_down_layer_time	coFloats
5718	minimum_sparse_infill_area	coFloat
5727	internal_solid_filament_id	coInt
5736	top_surface_filament_id	coInt
5745	bottom_surface_filament_id	coInt
5754	internal_solid_infill_line_width	coFloatOrPercent
5766	internal_solid_infill_speed	coFloat
5775	spiral_mode	coBool
5781	spiral_mode_smooth	coBool
5788	spiral_mode_max_xy_smoothing	coFloatOrPercent
5801	spiral_starting_flow_ratio	coFloat
5812	spiral_finishing_flow_ratio	coFloat
5823	timelapse_type	coEnum
5834	standby_temperature_delta	coInt
5846	preheat_time	coFloat
5856	preheat_steps	coInt
5866	file_start_gcode	coString
5878	machine_start_gcode	coString
5887	filament_start_gcode	coStrings
5896	single_extruder_multi_material	coBool
5902	manual_filament_change	coBool
5910	wipe_tower_type	coEnum
5921	purge_in_prime_tower	coBool
5927	enable_filament_ramming	coBool
5933	tool_change_on_wipe_tower	coBool
5944	wipe_tower_no_sparse_layers	coBool
5952	single_extruder_multi_material_priming	coBool
5958	slice_closing_radius	coFloat
5968	slicing_mode	coEnum
5982	z_offset	coFloat
5992	enable_support	coBool
5999	support_type	coEnum
6016	support_object_xy_distance	coFloat
6027	support_object_first_layer_gap	coFloat
6038	support_angle	coFloat
6048	support_on_build_plate_only	coBool
6056	support_critical_regions_only	coBool
6063	support_remove_small_overhang	coBool
6072	support_top_z_distance	coFloat
6091	support_bottom_z_distance	coFloat
6100	enforce_support_layers	coInt
6114	support_filament	coInt
6123	support_interface_not_for_body	coBool
6130	support_line_width	coFloatOrPercent
6142	support_interface_loop_pattern	coBool
6149	support_interface_filament	coInt
6159	support_interface_top_layers	coInt
6177	support_interface_bottom_layers	coInt
6191	support_interface_spacing	coFloat
6202	support_bottom_interface_spacing	coFloat
6211	support_interface_speed	coFloat
6220	support_base_pattern	coEnum
6245	support_interface_pattern	coEnum
6263	support_base_pattern_spacing	coFloat
6272	support_expansion	coFloat
6280	support_speed	coFloat
6289	support_style	coEnum
6317	independent_support_layer_height	coBool
6325	support_threshold_angle	coInt
6335	support_threshold_overlap	coFloatOrPercent
6346	tree_support_branch_angle	coFloat
6357	tree_support_branch_angle_organic	coFloat
6368	tree_support_angle_slow	coFloat
6380	tree_support_branch_distance	coFloat
6390	tree_support_branch_distance_organic	coFloat
6400	tree_support_top_rate	coPercent
6414	tree_support_auto_brim	coBool
6420	tree_support_brim_width	coFloat
6427	tree_support_tip_diameter	coFloat
6438	tree_support_branch_diameter	coFloat
6448	tree_support_branch_diameter_angle	coFloat
6462	tree_support_branch_diameter_organic	coFloat
6472	tree_support_wall_count	coInt
6481	tree_support_with_infill	coBool
6488	support_ironing	coBool
6496	support_ironing_pattern	coEnum
6508	support_ironing_flow	coPercent
6520	support_ironing_spacing	coFloat
6530	activate_chamber_temp_control	coBools
6539	chamber_temperature	coInts
6560	nozzle_temperature	coInts
6569	nozzle_temperature_range_low	coInts
6577	nozzle_temperature_range_high	coInts
6585	head_wrap_detect_zone	coPoints
6590	detect_thin_wall	coBool
6597	change_filament_gcode	coString
6606	change_extrusion_role_gcode	coString
6615	filament_change_extrusion_role_gcode	coStrings
6624	top_surface_line_width	coFloatOrPercent
6636	top_surface_speed	coFloat
6645	top_shell_layers	coInt
6654	top_shell_thickness	coFloat
6663	top_surface_density	coPercent
6675	bottom_surface_density	coPercent
6687	travel_speed	coFloat
6695	travel_speed_z	coFloat
6705	wipe	coBools
6711	wipe_distance	coFloats
6722	enable_prime_tower	coBool
6728	prime_tower_enable_framework	coBool
6734	flush_volumes_vector	coFloats
6744	flush_volumes_matrix	coFloats
6754	flush_multiplier	coFloats
6761	prime_volume	coFloat
6769	wipe_tower_x	coFloats
6777	wipe_tower_y	coFloats
6785	prime_tower_width	coFloat
6793	wipe_tower_rotation_angle	coFloat
6800	prime_tower_brim_width	coFloat
6811	wipe_tower_cone_angle	coFloat
6821	wipe_tower_max_purge_speed	coFloat
6834	wipe_tower_wall_type	coEnum
6850	wipe_tower_extra_rib_length	coFloat
6859	wipe_tower_rib_width	coFloat
6868	wipe_tower_fillet_wall	coBool
6875	wipe_tower_filament	coInt
6885	wiping_volumes_extruders	coFloats
6892	prime_tower_skip_points	coBool
6898	prime_tower_flat_ironing	coBool
6902	enable_tower_interface_features	coBool
6908	enable_tower_interface_cooldown_during_tower	coBool
6914	prime_tower_infill_gap	coPercent
6922	flush_into_infill	coBool
6928	flush_into_support	coBool
6934	flush_into_objects	coBool
6942	wipe_tower_bridging	coFloat
6949	wipe_tower_extra_spacing	coPercent
6958	wipe_tower_extra_flow	coPercent
6968	idle_temperature	coInts
6977	xy_hole_compensation	coFloat
6985	xy_contour_compensation	coFloat
6993	hole_to_polyhole	coBool
7002	hole_to_polyhole_threshold	coFloatOrPercent
7015	hole_to_polyhole_twisted	coBool
7022	thumbnails	coString
7029	thumbnails_format	coEnum
7046	use_relative_e_distances	coBool
7055	wall_generator	coEnum
7067	wall_transition_length	coPercent
7076	wall_transition_filter_deviation	coPercent
7091	wall_transition_angle	coFloat
7104	wall_distribution_count	coInt
7113	min_feature_size	coPercent
7124	min_length_factor	coFloat
7138	wall_maximum_resolution	coFloat
7149	wall_maximum_deviation	coFloat
7161	initial_layer_min_bead_width	coPercent
7171	min_bead_width	coPercent
7216	detect_narrow_internal_solid_infill	coBool
7297	display_width	coFloat
7303	display_height	coFloat
7309	display_pixels_x	coInt
7316	display_pixels_y	coInt
7323	display_mirror_x	coBool
7330	display_mirror_y	coBool
7337	display_orientation	coEnum
7348	fast_tilt_time	coFloat
7357	slow_tilt_time	coFloat
7366	area_fill	coFloat
7374	relative_correction	coFloats
7382	relative_correction_x	coFloat
7390	relative_correction_y	coFloat
7398	relative_correction_z	coFloat
7406	absolute_correction	coFloat
7413	elefant_foot_min_width	coFloat
7422	gamma_correction	coFloat
7434	material_colour	coString
7440	material_type	coString
7452	initial_layer_height	coFloat
7459	bottle_volume	coFloat
7466	bottle_weight	coFloat
7473	material_density	coFloat
7480	bottle_cost	coFloat
7487	faded_layers	coInt
7495	min_exposure_time	coFloat
7503	max_exposure_time	coFloat
7511	exposure_time	coFloat
7518	min_initial_exposure_time	coFloat
7526	max_initial_exposure_time	coFloat
7534	initial_exposure_time	coFloat
7541	material_correction	coFloats
7548	material_correction_x	coFloat
7555	material_correction_y	coFloat
7562	material_correction_z	coFloat
7569	material_vendor	coString
7575	default_sla_material_profile	coString
7581	sla_material_settings_id	coString
7587	default_sla_print_profile	coString
7593	sla_print_settings_id	coString
7599	supports_enable	coBool
7606	support_head_front_diameter	coFloat
7615	support_head_penetration	coFloat
7624	support_head_width	coFloat
7634	support_pillar_diameter	coFloat
7644	support_small_pillar_diameter_percent	coPercent
7654	support_max_bridges_on_pillar	coInt
7662	support_pillar_connection_mode	coEnum
7675	support_buildplate_only	coBool
7682	support_pillar_widening_factor	coFloat
7691	support_base_diameter	coFloat
7701	support_base_height	coFloat
7710	support_base_safety_distance	coFloat
7720	support_critical_angle	coFloat
7730	support_max_bridge_length	coFloat
7739	support_max_pillar_link_distance	coFloat
7748	support_object_elevation	coFloat
7758	support_points_density_relative	coInt
7766	support_points_minimal_distance	coFloat
7774	pad_enable	coBool
7781	pad_wall_thickness	coFloat
7791	pad_wall_height	coFloat
7801	pad_brim_size	coFloat
7811	pad_max_merge_distance	coFloat
7820	pad_wall_slope	coFloat
7830	pad_around_object	coBool
7837	pad_around_object_everywhere	coBool
7844	pad_object_gap	coFloat
7854	pad_object_connector_stride	coFloat
7863	pad_object_connector_width	coFloat
7872	pad_object_connector_penetration	coFloat
7881	hollowing_enable	coBool
7888	hollowing_min_thickness	coFloat
7898	hollowing_quality	coFloat
7907	hollowing_closing_distance	coFloat
7917	material_print_speed	coEnum
10482	export_obj	coBool
10488	export_svg	coBool
10494	export_sla	coBool
10500	export_3mf	coString
10506	export_slicedata	coString
10512	load_slicedata	coStrings
10518	export_amf	coBool
10523	export_stl	coBool
10528	export_stls	coString
10533	export_gcode	coBool
10539	gcodeviewer	coBool
10546	slice	coInt
10553	help	coBool
10559	uptodate	coBool
10565	load_defaultfila	coBool
10571	min_save	coBool
10577	mtcpp	coInt
10584	mstpp	coInt
10592	no_check	coBool
10597	normative_check	coBool
10603	help_fff	coBool
10608	help_sla	coBool
10613	info	coBool
10618	export_settings	coString
10624	pipe	coString
10637	align_xy	coPoint
10642	cut	coFloat
10648	cut_grid	coFloat
10653	cut_x	coFloat
10658	cut_y	coFloat
10664	center	coPoint
10669	arrange	coInt
10676	repetitions	coInt
10682	ensure_on_bed	coBool
10687	copy	coInt
10693	duplicate_grid	coPoint
10697	assemble	coBool
10703	convert_unit	coBool
10708	orient	coInt
10714	repair	coBool
10719	rotate	coFloat
10725	rotate_x	coFloat
10731	rotate_y	coFloat
10737	scale	coFloat
10743	split	coBool
10747	scale_to_fit	coPoint
10757	ignore_nonexistent_config	coBool
10761	config_compatibility	coEnum
10775	load	coStrings
10779	load_settings	coStrings
10785	load_filaments	coStrings
10791	skip_objects	coInts
10797	clone_objects	coInts
10803	uptodate_settings	coStrings
10809	uptodate_filaments	coStrings
10815	downward_check	coBool
10820	downward_settings	coStrings
10826	load_assemble_list	coString
10832	output	coString
10837	single_instance	coBool
10844	autosave	coString
10849	datadir	coString
10854	outputdir	coString
10860	debug	coInt
10867	logfile	coInt
10873	enable_timelapse	coBool
10879	sw_renderer	coBool
10885	load_custom_gcodes	coString
10891	load_filament_ids	coInts
10897	allow_multicolor_oneplate	coBool
10902	allow_rotations	coBool
10907	avoid_extrusion_cali_region	coBool
10912	skip_modified_gcodes	coBool
10918	makerlab_name	coString
10924	makerlab_version	coString
10930	metadata_name	coStrings
10936	metadata_value	coStrings
10942	allow_newer_file	coBool
10948	allow_mix_temp	coBool
10981	zhop	coFloat
10990	position	coFloats
10995	e_retracted	coFloats
11000	e_restart_extra	coFloats
11004	e_position	coFloats
11013	current_extruder	coInt
11017	current_object_idx	coInt
11021	has_wipe_tower	coBool
11025	initial_extruder	coInt
11029	initial_tool	coInt
11033	is_extruder_used	coBools
11037	num_extruders	coInt
11042	initial_filament_type	coString
11046	has_single_extruder_multi_material_priming	coBool
11058	extruded_volume	coFloats
11062	total_toolchanges	coInt
11066	extruded_volume_total	coFloat
11070	extruded_weight	coFloats
11074	extruded_weight_total	coFloat
11078	total_layer_count	coInt
11082	normal_print_time	coString
11086	num_printing_extruders	coInt
11090	print_time	coString
11094	printing_filament_types	coString
11098	silent_print_time	coString
11102	total_cost	coFloat
11106	total_weight	coFloat
11110	total_wipe_tower_cost	coFloat
11114	total_wipe_tower_filament	coFloat
11118	used_filament	coFloat
11122	print_time_sec	coString
11126	used_filament_length	coString
11135	num_objects	coInt
11139	num_instances	coInt
11143	scale	coStrings
11149	input_filename_base	coString
11164	first_layer_print_convex_hull	coPoints
11169	first_layer_print_min	coFloats
11173	first_layer_print_max	coFloats
11177	first_layer_print_size	coFloats
11181	print_bed_min	coFloats
11185	print_bed_max	coFloats
11189	print_bed_size	coFloats
11215	timestamp	coString
11219	year	coInt
11222	month	coInt
11225	day	coInt
11228	hour	coInt
11231	minute	coInt
11234	second	coInt
11242	print_preset	coString
11246	filament_preset	coString
11251	printer_preset	coString
11255	physical_printer_preset	coString
11297	layer_num	coInt
11301	layer_z	coFloat
11305	max_layer_z	coFloat
11309	filament_extruder_id	coInt
